[{"idproduct":29, "files":"[\"https://res.cloudinary.com/df5djxezl/image/upload/v1689710635/tnvymavlatcdyqeyssju.jpg\", \"https://res.cloudinary.com/df5djxezl/image/upload/v1689710636/k7xr2ms5atx3f4zvzyr4.jpg\"]", "name":"Pendientes", "description":"Conjunto de pendientes, unitarios.", "price":6.0, "category":"Ropa y accesorios", "iduser":43},
 {"idproduct":34, "files":"[\"https://res.cloudinary.com/df5djxezl/image/upload/v1689712212/bthv2g9mp3yltqfuoury.jpg\", \"https://res.cloudinary.com/df5djxezl/image/upload/v1689712213/v8kgm59jocm39tjg8mh9.jpg\"]", "name":"Pantalones Jeans", "description":"Pantalones Vaqueros. Desde la talla 36-40", "price":8.0, "category":"Ropa y accesorios", "iduser":43},
 {"idproduct":35, "files":"[\"https://res.cloudinary.com/df5djxezl/image/upload/v1689712278/wdvtiiejahob0xn7fxyr.jpg\", \"https://res.cloudinary.com/df5djxezl/image/upload/v1689712278/dv0foakzsrpg4k2p6has.jpg\"]", "name":"M\u00f3vil pe\u00f1ascal", "description":"M\u00f3vil pe\u00f1ascal restaurado y en buen estado", "price":12.0, "category":"Moviles y Tecnologias", "iduser":3},
 {"idproduct":37, "files":"[]", "name":"Ipad", "description":"Apple 2022 iPad Pro de 11 Pulgadas (Wi-Fi + Cellular, 128 GB) - Plata (4.\u00aa generaci\u00f3n) ", "price":15.0, "category":"Moviles y Tecnologias", "iduser":3},
 {"idproduct":39, "files":"[\"https://res.cloudinary.com/df5djxezl/image/upload/v1689845866/qytzkqppmanea470cbdm.jpg\"]", "name":"Jeans", "description":"\tPantalones Vaqueros. Desde la talla 40-44", "price":16.0, "category":"Ropa y accesorios", "iduser":48},
 {"idproduct":40, "files":"[\"https://res.cloudinary.com/df5djxezl/image/upload/v1689845942/asqoodznkpnhgbce1wqb.jpg\"]", "name":"Ipad", "description":"Apple 2022 iPad Pro de 11 Pulgadas (Wi-Fi + Cellular, 128 GB) - Plata (4.\u00aa generaci\u00f3n) ", "price":14.0, "category":"Moviles y Tecnologias", "iduser":43},
 {"idproduct":42, "files":"[\"https://res.cloudinary.com/df5djxezl/image/upload/v1689847217/t77rfkvwwxxts7wpq00u.jpg\"]", "name":"Movil Iphone", "description":"Pantalla Super Retina XDR de 6,1 pulgadas siempre activa con ProMotion. ", "price":15.0, "category":"Moviles y Tecnologias", "iduser":48}]