[{"iduser":3, "lastname":"Cocea", "firstname":"Mihai", "phone":"623236723", "sector":"Hosteleria", "penascales":12.0, "email":"", "password":"", "seller_id":0},
 {"iduser":4, "lastname":"ibarrondo", "firstname":"Gorka", "phone":"654543232", "sector":"Carpenteria", "penascales":11.0, "email":"", "password":"", "seller_id":0},
 {"iduser":43, "lastname":"cocea", "firstname":"mihai", "phone":"642654654", "sector":"", "penascales":10.0, "email":"mihai@yahoo.com", "password":"eyJhbGciOiJIUzI1NiIsInR5cCI6IkpXVCJ9.eyJjb250cmFzZVx1MDBmMWEiOiJhZG1pbiJ9.me1eqv0YkP6jfWO4PtDLGguniIkwoCges4r-wdWq5OM", "seller_id":0},
 {"iduser":45, "lastname":"maria", "firstname":"maria", "phone":"1", "sector":"", "penascales":10.0, "email":"m@gmail.com", "password":"eyJhbGciOiJIUzI1NiIsInR5cCI6IkpXVCJ9.eyJjb250cmFzZVx1MDBmMWEiOiJibGFibGFibGEifQ.B3YnwYhyRaV1g7I0XrkIO3OKxRs9syKA4zRUBB4oAzw", "seller_id":0},
 {"iduser":48, "lastname":"Aranaga", "firstname":"Maria", "phone":"1234567", "sector":"", "penascales":10.0, "email":"g@gmail.com", "password":"eyJhbGciOiJIUzI1NiIsInR5cCI6IkpXVCJ9.eyJjb250cmFzZVx1MDBmMWEiOiJibGFibGEifQ.qHA0NM64_gQryVTlI1aUIgzqmTuGuiEC32AN0MdRvuo", "seller_id":0},
 {"iduser":50, "lastname":"Diez", "firstname":"Maria", "phone":"123456789", "sector":"Hosteleria", "penascales":10.0, "email":"maria@maria.com", "password":"eyJhbGciOiJIUzI1NiIsInR5cCI6IkpXVCJ9.eyJjb250cmFzZVx1MDBmMWEiOiJtYXJpYTEyMyJ9.n_SUTvf-gG1QPDgn7Jj03G-G3jHM-FCkY3Mgq9v7ffw", "seller_id":0}]